disease,species,module_id,module_size,node_conservation,edge_conservation,edges_evaluated,edges_conserved,topology_conservation
AD,mouse,0,276,0.8876811594202898,0.004048582995951417,247,1,0.10988407762601311
AD,yeast,0,276,0.20652173913043478,,0,0,0.38047973531844503
AD,fly,0,276,0.4855072463768116,0.008620689655172414,116,1,0.27632023933402705
AD,mouse,1,75,0.9066666666666666,0.0,65,0,0.0
AD,yeast,1,75,0.37333333333333335,,0,0,0.0
AD,fly,1,75,0.6133333333333333,0.0,7,0,0.0
AD,mouse,2,374,0.8823529411764706,0.04521276595744681,376,17,0.44729965869509314
AD,yeast,2,374,0.26737967914438504,0.12195121951219512,41,5,0.5272108843537415
AD,fly,2,374,0.553475935828877,0.01282051282051282,156,2,0.3886163993728162
AD,mouse,3,154,0.9090909090909091,0.02142857142857143,140,3,0.0919732441471572
AD,yeast,3,154,0.2987012987012987,0.11904761904761904,42,5,0.5280373831775701
AD,fly,3,154,0.5454545454545454,0.0,82,0,0.5
AD,mouse,4,152,0.8947368421052632,0.17763157894736842,152,27,0.5684210526315789
AD,yeast,4,152,0.29605263157894735,0.16666666666666666,18,3,0.5208333333333334
AD,fly,4,152,0.5460526315789473,0.06451612903225806,31,2,0.503968253968254
AD,mouse,5,108,0.9074074074074074,0.047619047619047616,105,5,0.17654582214249612
AD,yeast,5,108,0.08333333333333333,,0,0,0.0
AD,fly,5,108,0.46296296296296297,0.2727272727272727,44,12,0.5526315789473684
AD,mouse,6,246,0.9390243902439024,0.029166666666666667,240,7,0.27135960494000144
AD,yeast,6,246,0.3089430894308943,,0,0,0.25952211322409163
AD,fly,6,246,0.5528455284552846,0.0,35,0,0.08803063764153259
AD,mouse,7,235,0.9191489361702128,0.16,250,40,0.5607065135298073
AD,yeast,7,235,0.33191489361702126,0.6666666666666666,12,8,0.64
AD,fly,7,235,0.5404255319148936,0.2191780821917808,73,16,0.5318181818181819
AD,mouse,8,392,0.923469387755102,0.056433408577878104,443,25,0.4400725756060295
AD,yeast,8,392,0.3112244897959184,,0,0,0.5
AD,fly,8,392,0.6632653061224489,0.03134796238244514,319,10,0.5078947368421053
AD,mouse,9,95,0.8526315789473684,0.060240963855421686,83,5,0.3345578353341364
AD,yeast,9,95,0.18947368421052632,,0,0,0.1700650043166929
AD,fly,9,95,0.5789473684210527,0.0,31,0,0.0
AD,mouse,10,333,0.8258258258258259,0.056666666666666664,300,17,0.5235457063711911
AD,yeast,10,333,0.27927927927927926,0.5853658536585366,41,24,0.6666666666666666
AD,fly,10,333,0.5105105105105106,0.0718954248366013,153,11,0.5261780104712042
AD,mouse,11,94,0.9787234042553191,0.15841584158415842,101,16,0.41198672842255274
AD,yeast,11,94,0.07446808510638298,,0,0,0.0
AD,fly,11,94,0.48936170212765956,0.0,27,0,0.27203136669156086
AD,mouse,12,23,0.9130434782608695,0.09090909090909091,22,2,0.33827861952861954
AD,yeast,12,23,0.17391304347826086,,0,0,0.0
AD,fly,12,23,0.21739130434782608,,0,0,0.0
AD,mouse,13,238,0.8949579831932774,0.13991769547325103,243,34,0.56640625
AD,yeast,13,238,0.31932773109243695,0.0,3,0,0.3899182540759845
AD,fly,13,238,0.5378151260504201,0.08247422680412371,97,8,0.518957345971564
AD,mouse,14,504,0.9365079365079365,0.16066066066066065,666,107,0.5627906976744186
AD,yeast,14,504,0.20238095238095238,0.25,12,3,0.559322033898305
AD,fly,14,504,0.45634920634920634,0.07142857142857142,98,7,0.5022813688212928
AD,mouse,15,125,0.912,0.11570247933884298,121,14,0.4677058258293956
AD,yeast,15,125,0.176,0.1,20,2,0.3833339003617641
AD,fly,15,125,0.496,0.11764705882352941,68,8,0.5202312138728323
AD,mouse,16,186,0.8817204301075269,0.05434782608695652,184,10,0.4278159955015534
AD,yeast,16,186,0.1774193548387097,0.3888888888888889,18,7,0.5694444444444444
AD,fly,16,186,0.521505376344086,0.0,64,0,0.0
AD,mouse,17,38,0.9473684210526315,0.0,35,0,0.0
AD,yeast,17,38,0.3684210526315789,0.0,9,0,0.20879120879120883
AD,fly,17,38,0.631578947368421,0.0,22,0,0.0
AD,mouse,18,105,0.9333333333333333,0.0707070707070707,99,7,0.39649269628727934
AD,yeast,18,105,0.21904761904761905,0.0,1,0,0.0
AD,fly,18,105,0.5904761904761905,0.0,3,0,0.24528301886792456
AD,mouse,19,87,0.8735632183908046,0.06172839506172839,81,5,0.5297619047619048
AD,yeast,19,87,0.13793103448275862,0.0,2,0,0.25242914979757086
AD,fly,19,87,0.42528735632183906,0.0,9,0,0.0
AD,mouse,20,192,0.9114583333333334,0.14444444444444443,180,26,0.5038311323103747
AD,yeast,20,192,0.25,0.6521739130434783,23,15,0.6666666666666666
AD,fly,20,192,0.4635416666666667,0.12280701754385964,57,7,0.5185185185185185
AD,mouse,21,179,0.8770949720670391,0.06779661016949153,177,12,0.2725778945461142
AD,yeast,21,179,0.3407821229050279,0.3,60,18,0.5552486187845304
AD,fly,21,179,0.5810055865921788,0.0196078431372549,102,2,0.5050505050505051
AD,mouse,22,17,0.9411764705882353,0.0625,16,1,0.29791666666666666
AD,yeast,22,17,0.0,,0,0,0.0
AD,fly,22,17,0.17647058823529413,,0,0,0.0
PD,mouse,0,22,0.9545454545454546,0.0,20,0,0.0
PD,yeast,0,22,0.045454545454545456,,0,0,0.0
PD,fly,0,22,0.45454545454545453,0.0,9,0,0.0
PD,mouse,1,124,0.8870967741935484,0.21666666666666667,120,26,0.5774014580546136
PD,yeast,1,124,0.28225806451612906,0.1111111111111111,9,1,0.4371190340982167
PD,fly,1,124,0.5564516129032258,0.0,34,0,0.12048535406199641
PD,mouse,2,316,0.9177215189873418,0.054380664652567974,331,18,0.5245231607629428
PD,yeast,2,316,0.2848101265822785,,0,0,0.0
PD,fly,2,316,0.5411392405063291,0.07236842105263158,152,11,0.5186046511627906
PD,mouse,3,277,0.8880866425992779,0.06374501992031872,251,16,0.5311284046692607
PD,yeast,3,277,0.36462093862815886,0.08602150537634409,93,8,0.5052564211780219
PD,fly,3,277,0.5740072202166066,0.006172839506172839,162,1,0.4888486244015376
PD,mouse,4,197,0.9390862944162437,0.12272727272727273,220,27,0.5525291828793775
PD,yeast,4,197,0.20304568527918782,,0,0,0.5
PD,fly,4,197,0.5482233502538071,0.07042253521126761,71,5,0.5252525252525253
PD,mouse,5,114,0.9385964912280702,0.1834862385321101,109,20,0.5900900900900901
PD,yeast,5,114,0.20175438596491227,0.0,1,0,0.0
PD,fly,5,114,0.4824561403508772,0.029411764705882353,34,1,0.5066666666666667
PD,mouse,6,110,0.9,0.26605504587155965,109,29,0.6239316239316239
PD,yeast,6,110,0.2636363636363636,0.0,8,0,0.0
PD,fly,6,110,0.6454545454545455,0.0,43,0,0.0
PD,mouse,7,139,0.9568345323741008,0.05228758169934641,153,8,0.5248447204968945
PD,yeast,7,139,0.2446043165467626,,0,0,0.3712046444121916
PD,fly,7,139,0.7482014388489209,0.13114754098360656,122,16,0.5350877192982456
PD,mouse,8,303,0.8547854785478548,0.3176470588235294,510,162,0.6443850267379679
PD,yeast,8,303,0.47194719471947194,0.6908396946564885,262,181,0.6819787985865724
PD,fly,8,303,0.6864686468646864,0.4596774193548387,372,171,0.6985981308411215
PD,mouse,9,119,0.8991596638655462,0.056,125,7,0.4614245080362509
PD,yeast,9,119,0.3949579831932773,0.3333333333333333,9,3,0.4411761279235721
PD,fly,9,119,0.6638655462184874,0.16666666666666666,18,3,0.5084269662921348
PD,mouse,10,219,0.9223744292237442,0.08298755186721991,241,20,0.41386359462571565
PD,yeast,10,219,0.3835616438356164,0.4523809523809524,42,19,0.5410447761194029
PD,fly,10,219,0.593607305936073,0.030612244897959183,98,3,0.503968253968254
PD,mouse,11,6,0.8333333333333334,0.0,4,0,0.0
PD,yeast,11,6,0.0,,0,0,0.0
PD,fly,11,6,0.3333333333333333,1.0,1,1,1.0
PD,mouse,12,93,0.956989247311828,0.12359550561797752,89,11,0.5528846153846154
PD,yeast,12,93,0.21505376344086022,,0,0,0.4334346504559271
PD,fly,12,93,0.4946236559139785,0.0,23,0,0.0
PD,mouse,13,116,0.9396551724137931,0.07692307692307693,117,9,0.43108772619984265
PD,yeast,13,116,0.19827586206896552,0.15384615384615385,13,2,0.45299771912675135
PD,fly,13,116,0.5258620689655172,0.1206896551724138,58,7,0.5275229357798166
PD,mouse,14,195,0.9128205128205128,0.06382978723404255,188,12,0.403809577568795
PD,yeast,14,195,0.30256410256410254,0.11538461538461539,52,6,0.5205882352941177
PD,fly,14,195,0.517948717948718,0.009523809523809525,105,1,0.5024509803921569
PD,mouse,15,45,0.9333333333333333,0.04878048780487805,41,2,0.23867595818815332
PD,yeast,15,45,0.13333333333333333,,0,0,0.0
PD,fly,15,45,0.6,0.038461538461538464,26,1,0.5086206896551724
PD,mouse,16,31,0.9354838709677419,0.0,28,0,0.0
PD,yeast,16,31,0.22580645161290322,0.0,4,0,0.5
PD,fly,16,31,0.45161290322580644,0.0,12,0,0.0
PD,mouse,17,237,0.8776371308016878,0.03418803418803419,234,8,0.3067887778501776
PD,yeast,17,237,0.2742616033755274,0.125,8,1,0.5196078431372549
PD,fly,17,237,0.5232067510548524,0.07407407407407407,54,4,0.16359563459550627
PD,mouse,18,130,0.9461538461538461,0.13836477987421383,159,22,0.5635838150289018
PD,yeast,18,130,0.24615384615384617,0.2,40,8,0.53125
PD,fly,18,130,0.46923076923076923,0.05405405405405406,74,4,0.510752688172043
PD,mouse,19,5,0.2,,0,0,0.0
PD,yeast,19,5,0.0,,0,0,0.0
PD,fly,19,5,0.2,,0,0,0.0
PD,mouse,20,38,0.868421052631579,0.0,34,0,0.0
PD,yeast,20,38,0.15789473684210525,,0,0,0.0
PD,fly,20,38,0.34210526315789475,,0,0,0.0
PD,mouse,21,233,0.9098712446351931,0.1626984126984127,252,41,0.5701754385964912
PD,yeast,21,233,0.31759656652360513,,0,0,0.5
PD,fly,21,233,0.5321888412017167,,0,0,0.36577708006279436
PD,mouse,22,11,1.0,0.0,10,0,0.0
PD,yeast,22,11,0.45454545454545453,,0,0,0.0
PD,fly,22,11,0.36363636363636365,,0,0,0.0
COVID,mouse,0,77,0.8961038961038961,0.07575757575757576,66,5,0.5210084033613446
COVID,yeast,0,77,0.14285714285714285,,0,0,0.0
COVID,fly,0,77,0.5324675324675324,0.0,24,0,0.0
COVID,mouse,1,234,0.8461538461538461,0.0,197,0,0.0
COVID,yeast,1,234,0.46153846153846156,,0,0,0.0
COVID,fly,1,234,0.6452991452991453,,0,0,0.0
COVID,mouse,2,121,0.9173553719008265,0.00909090909090909,110,1,0.5045045045045045
COVID,yeast,2,121,0.36363636363636365,,0,0,0.0
COVID,fly,2,121,0.6611570247933884,0.02531645569620253,79,2,0.5089285714285714
COVID,mouse,3,57,0.9649122807017544,0.2222222222222222,54,12,0.6111111111111112
COVID,yeast,3,57,0.10526315789473684,,0,0,0.0
COVID,fly,3,57,0.42105263157894735,,0,0,0.0
COVID,mouse,4,9,1.0,0.0,8,0,0.5
COVID,yeast,4,9,0.3333333333333333,,0,0,0.0
COVID,fly,4,9,0.4444444444444444,,0,0,0.0
COVID,mouse,5,9,1.0,0.0,8,0,0.375
COVID,yeast,5,9,0.2222222222222222,,0,0,0.0
COVID,fly,5,9,0.4444444444444444,,0,0,0.0
COVID,mouse,6,77,0.935064935064935,0.0759493670886076,79,6,0.5283018867924528
COVID,yeast,6,77,0.18181818181818182,,0,0,0.0
COVID,fly,6,77,0.5454545454545454,,0,0,0.0
COVID,mouse,7,119,0.9747899159663865,0.0,153,0,0.0
COVID,yeast,7,119,0.24369747899159663,,0,0,0.0
COVID,fly,7,119,0.680672268907563,0.0,70,0,0.0
COVID,mouse,8,93,0.7849462365591398,0.0,6,0,0.0
COVID,yeast,8,93,0.20430107526881722,0.0,2,0,0.5
COVID,fly,8,93,0.5698924731182796,0.0,5,0,0.0
COVID,mouse,9,28,0.9285714285714286,0.0,25,0,0.0
COVID,yeast,9,28,0.10714285714285714,,0,0,0.0
COVID,fly,9,28,0.35714285714285715,,0,0,0.0
COVID,mouse,10,22,1.0,0.047619047619047616,21,1,0.5128205128205128
COVID,yeast,10,22,0.22727272727272727,,0,0,0.0
COVID,fly,10,22,0.5,,0,0,0.0
COVID,mouse,11,21,0.7619047619047619,,0,0,0.0
COVID,yeast,11,21,0.0,,0,0,0.0
COVID,fly,11,21,0.19047619047619047,,0,0,0.0
COVID,mouse,12,38,0.9210526315789473,0.0,34,0,0.0
COVID,yeast,12,38,0.10526315789473684,,0,0,0.0
COVID,fly,12,38,0.42105263157894735,0.0,15,0,0.0
COVID,mouse,13,23,0.8260869565217391,0.0,18,0,0.0
COVID,yeast,13,23,0.17391304347826086,,0,0,0.0
COVID,fly,13,23,0.4782608695652174,,0,0,0.0
COVID,mouse,14,11,1.0,0.1,10,1,0.55
COVID,yeast,14,11,0.0,,0,0,0.0
COVID,fly,14,11,0.6363636363636364,,0,0,0.0
COVID,mouse,15,33,0.9696969696969697,0.06451612903225806,31,2,0.53125
COVID,yeast,15,33,0.15151515151515152,,0,0,0.0
COVID,fly,15,33,0.6666666666666666,,0,0,0.0
COVID,mouse,16,11,0.8181818181818182,,0,0,0.0
COVID,yeast,16,11,0.18181818181818182,,0,0,0.0
COVID,fly,16,11,0.2727272727272727,,0,0,0.0
COVID,mouse,17,7,0.7142857142857143,0.0,4,0,0.0
COVID,yeast,17,7,0.0,,0,0,0.0
COVID,fly,17,7,0.0,,0,0,0.0
COVID,mouse,18,10,1.0,0.0,9,0,0.0
COVID,yeast,18,10,0.8,,0,0,0.0
COVID,fly,18,10,0.8,,0,0,0.0
COVID,mouse,19,5,1.0,0.0,4,0,0.0
COVID,yeast,19,5,0.4,,0,0,0.0
COVID,fly,19,5,0.6,,0,0,0.0
COVID,mouse,20,6,1.0,0.0,5,0,0.0
COVID,yeast,20,6,0.8333333333333334,,0,0,0.0
COVID,fly,20,6,0.8333333333333334,,0,0,0.0
COVID,mouse,21,49,0.8775510204081632,0.0,35,0,0.0
COVID,yeast,21,49,0.10204081632653061,,0,0,0.0
COVID,fly,21,49,0.32653061224489793,,0,0,0.0
BC,mouse,0,238,0.9453781512605042,0.04424778761061947,226,10,0.5218340611353712
BC,yeast,0,238,0.27310924369747897,,0,0,0.0
BC,fly,0,238,0.5672268907563025,0.05925925925925926,135,8,0.5133689839572193
BC,mouse,1,268,0.8843283582089553,0.06569343065693431,274,18,0.5313588850174216
BC,yeast,1,268,0.2462686567164179,,0,0,0.0
BC,fly,1,268,0.5261194029850746,0.0,26,0,0.3259004208340165
BC,mouse,2,348,0.9281609195402298,0.043478260869565216,322,14,0.5207715133531158
BC,yeast,2,348,0.27586206896551724,,0,0,0.0
BC,fly,2,348,0.5775862068965517,0.085,200,17,0.5263157894736842
BC,mouse,3,396,0.9318181818181818,0.05324074074074074,432,23,0.5239085239085239
BC,yeast,3,396,0.21464646464646464,,0,0,0.0
BC,fly,3,396,0.5277777777777778,0.07692307692307693,39,3,0.52
BC,mouse,4,70,0.8428571428571429,0.08620689655172414,58,5,0.5403225806451613
BC,yeast,4,70,0.15714285714285714,,0,0,0.0
BC,fly,4,70,0.35714285714285715,,0,0,0.0
BC,mouse,5,184,0.8967391304347826,0.02857142857142857,175,5,0.5131578947368421
BC,yeast,5,184,0.22826086956521738,0.0,30,0,0.5
BC,fly,5,184,0.4891304347826087,,0,0,0.0
BC,mouse,6,341,0.9413489736070382,0.050595238095238096,336,17,0.5247093023255814
BC,yeast,6,341,0.35777126099706746,,0,0,0.0
BC,fly,6,341,0.6451612903225806,0.004545454545454545,220,1,0.5018115942028986
BC,mouse,7,90,0.9222222222222223,0.08235294117647059,85,7,0.5406976744186046
BC,yeast,7,90,0.25555555555555554,,0,0,0.0
BC,fly,7,90,0.5111111111111111,0.125,24,3,0.5510204081632653
BC,mouse,8,81,0.9259259259259259,0.10526315789473684,76,8,0.5526315789473684
BC,yeast,8,81,0.25925925925925924,,0,0,0.0
BC,fly,8,81,0.4444444444444444,0.0,18,0,0.0
BC,mouse,9,45,0.9111111111111111,0.0,40,0,0.0
BC,yeast,9,45,0.15555555555555556,,0,0,0.0
BC,fly,9,45,0.5111111111111111,0.0,22,0,0.0
BC,mouse,10,121,0.9008264462809917,,0,0,0.0
BC,yeast,10,121,0.4132231404958678,0.0,49,0,0.0
BC,fly,10,121,0.6446280991735537,0.0,77,0,0.0
BC,mouse,11,18,0.8333333333333334,0.0,14,0,0.0
BC,yeast,11,18,0.3333333333333333,,0,0,0.0
BC,fly,11,18,0.6666666666666666,0.36363636363636365,11,4,0.6818181818181819
BC,mouse,12,37,0.972972972972973,0.09090909090909091,44,4,0.5434782608695652
BC,yeast,12,37,0.1891891891891892,,0,0,0.0
BC,fly,12,37,0.4864864864864865,0.1111111111111111,9,1,0.5625
BC,mouse,13,45,0.9111111111111111,0.2926829268292683,41,12,0.6463414634146342
BC,yeast,13,45,0.28888888888888886,0.375,8,3,0.5416666666666666
BC,fly,13,45,0.5111111111111111,0.0625,16,1,0.5208333333333334
BC,mouse,14,128,0.9140625,0.06299212598425197,127,8,0.5256410256410257
BC,yeast,14,128,0.2265625,0.0,12,0,0.5
BC,fly,14,128,0.53125,0.10256410256410256,39,4,0.5229007633587787
BC,mouse,15,36,0.9444444444444444,0.0,33,0,0.0
BC,yeast,15,36,0.1111111111111111,,0,0,0.0
BC,fly,15,36,0.5,0.058823529411764705,17,1,0.5147058823529411
BC,mouse,16,203,0.8866995073891626,0.05734767025089606,279,16,0.527027027027027
BC,yeast,16,203,0.29064039408866993,0.43661971830985913,71,31,0.6435185185185185
BC,fly,16,203,0.5123152709359606,0.027777777777777776,144,4,0.5106951871657754
BC,mouse,17,59,0.8813559322033898,0.19607843137254902,51,10,0.5961538461538461
BC,yeast,17,59,0.22033898305084745,0.3333333333333333,12,4,0.6
BC,fly,17,59,0.6271186440677966,0.1388888888888889,36,5,0.5348837209302325
BC,mouse,18,45,0.9777777777777777,0.0,43,0,0.0
BC,yeast,18,45,0.17777777777777778,0.14285714285714285,7,1,0.5714285714285714
BC,fly,18,45,0.5111111111111111,0.0,7,0,0.0
BC,mouse,19,6,0.5,0.0,2,0,0.0
BC,yeast,19,6,0.0,,0,0,0.0
BC,fly,19,6,0.0,,0,0,0.0
BC,mouse,20,83,0.8433734939759037,0.0,69,0,0.0
BC,yeast,20,83,0.060240963855421686,,0,0,0.0
BC,fly,20,83,0.4457831325301205,0.16666666666666666,36,6,0.5060728744939271
BC,mouse,21,16,0.9375,0.2857142857142857,14,4,0.6428571428571428
BC,yeast,21,16,0.3125,,0,0,0.0
BC,fly,21,16,0.875,,0,0,0.0
